accept_conversations,accept
accept_conversations,acceptance
accept_conversations,reject
accept_preauthorized_conversations,accept
accept_preauthorized_conversations,accepted_or_rejected
accept_preauthorized_conversations,reject
admin/categories,create
admin/categories,destroy
admin/categories,destroy_and_move
admin/categories,edit
admin/categories,index
admin/categories,new
admin/categories,order
admin/categories,remove
admin/categories,show
admin/categories,update
admin/communities,analytics
admin/communities,check_email_status
admin/communities,create
admin/communities,create_payment_gateway
admin/communities,create_sender_address
admin/communities,delete_marketplace
admin/communities,destroy
admin/communities,edit
admin/communities,edit_look_and_feel
admin/communities,edit_text_instructions
admin/communities,edit_welcome_email
admin/communities,getting_started
admin/communities,index
admin/communities,menu_links
admin/communities,new
admin/communities,payment_gateways
admin/communities,resend_verification_email
admin/communities,settings
admin/communities,show
admin/communities,social_media
admin/communities,test_welcome_email
admin/communities,update
admin/communities,update_analytics
admin/communities,update_look_and_feel
admin/communities,update_menu_links
admin/communities,update_payment_gateway
admin/communities,update_settings
admin/communities,update_social_media
admin/community_customizations,edit_details
admin/community_customizations,update_details
admin/community_memberships,ban
admin/community_memberships,create
admin/community_memberships,destroy
admin/community_memberships,edit
admin/community_memberships,index
admin/community_memberships,new
admin/community_memberships,posting_allowed
admin/community_memberships,promote_admin
admin/community_memberships,show
admin/community_memberships,update
admin/community_transactions,index
admin/custom_fields,add_option
admin/custom_fields,create
admin/custom_fields,destroy
admin/custom_fields,edit
admin/custom_fields,edit_location
admin/custom_fields,edit_price
admin/custom_fields,index
admin/custom_fields,new
admin/custom_fields,order
admin/custom_fields,show
admin/custom_fields,update
admin/custom_fields,update_location
admin/custom_fields,update_price
admin/emails,create
admin/emails,destroy
admin/emails,edit
admin/emails,index
admin/emails,new
admin/emails,show
admin/emails,update
admin/listing_shapes,close_listings
admin/listing_shapes,create
admin/listing_shapes,destroy
admin/listing_shapes,edit
admin/listing_shapes,index
admin/listing_shapes,new
admin/listing_shapes,order
admin/listing_shapes,show
admin/listing_shapes,update
admin/paypal_preferences,account_create
admin/paypal_preferences,index
admin/paypal_preferences,permissions_verified
admin/paypal_preferences,preferences_update
admin/plans,show
amazon_bounces,notification
braintree_accounts,create
braintree_accounts,new
braintree_accounts,show
braintree_payments,create
braintree_payments,destroy
braintree_payments,edit
braintree_payments,index
braintree_payments,new
braintree_payments,show
braintree_payments,update
braintree_webhooks,challenge
braintree_webhooks,hooks
checkout_accounts,create
checkout_accounts,new
checkout_accounts,show
comments,create
comments,destroy
communities,create
communities,new
community_memberships,access_denied
community_memberships,create
community_memberships,destroy
community_memberships,edit
community_memberships,index
community_memberships,new
community_memberships,show
community_memberships,update
confirmations,create
confirmations,show
confirm_conversations,cancel
confirm_conversations,confirm
confirm_conversations,confirmation
consent,create
consent,destroy
consent,edit
consent,index
consent,new
consent,show
consent,update
:controller,account_create
:controller,:action
:controller,index
:controller,permissions_verified
conversations,create
conversations,destroy
conversations,edit
conversations,index
conversations,new
conversations,show
conversations,update
design,design
devise/passwords,create
devise/passwords,edit
devise/passwords,new
devise/passwords,update
devise/sessions,create
devise/sessions,destroy
devise/sessions,new
domain_validation,index
emails,create
emails,destroy
emails,edit
emails,index
emails,new
emails,send_confirmation
emails,show
emails,update
errors,community_not_found
errors,gone
errors,not_found
errors,server_error
feedbacks,create
feedbacks,destroy
feedbacks,edit
feedbacks,index
feedbacks,new
feedbacks,show
feedbacks,update
followed_people,create
followed_people,destroy
followed_people,edit
followed_people,index
followed_people,new
followed_people,show
followed_people,update
followers,create
followers,destroy
followers,edit
followers,index
followers,new
followers,show
followers,update
free_transactions,contact
free_transactions,create_contact
homepage,create
homepage,destroy
homepage,edit
homepage,index
homepage,join
homepage,new
homepage,not_member
homepage,show
homepage,sign_in
homepage,update
i18n,change_locale
inboxes,show
infos,about
infos,create
infos,destroy
infos,edit
infos,how_to_use
infos,index
infos,new
infos,news
infos,privacy
infos,show
infos,terms
infos,update
int_api/marketplaces,check_email_availability
int_api/marketplaces,create
invitations,create
invitations,destroy
invitations,edit
invitations,index
invitations,new
invitations,show
invitations,update
listing_images,add_from_file
listing_images,add_from_url
listing_images,create
listing_images,destroy
listing_images,edit
listing_images,image_status
listing_images,index
listing_images,new
listing_images,show
listing_images,update
listings,browse
listings,close
listings,create
listings,destroy
listings,edit
listings,edit_form_content
listings,follow
listings,index
listings,listing_bubble
listings,listing_bubble_multiple
listings,locations_json
listings,more_listings
listings,move_to_top
listings,new
listings,new_form_content
listings,show
listings,show_in_updates_email
listings,unfollow
listings,update
listings,verification_required
mercury,edit
mercury/images,create
mercury/images,destroy
mercury/images,edit
mercury/images,index
mercury/images,new
mercury/images,show
mercury/images,update
mercury,resource
mercury,snippet_options
mercury,snippet_preview
mercury_update,update
messages,create
messages,destroy
messages,edit
messages,index
messages,new
messages,show
messages,update
payments,create
payments,destroy
payments,done
payments,edit
payments,index
payments,new
payments,show
payments,update
paypal_accounts,ask_billing_agreement
paypal_accounts,ask_order_permission
paypal_accounts,billing_agreement_cancel
paypal_accounts,billing_agreement_success
paypal_accounts,index
paypal_accounts,permissions_verified
paypal_ipn,ipn_hook
paypal_service/checkout_orders,cancel
paypal_service/checkout_orders,create
paypal_service/checkout_orders,destroy
paypal_service/checkout_orders,edit
paypal_service/checkout_orders,index
paypal_service/checkout_orders,new
paypal_service/checkout_orders,show
paypal_service/checkout_orders,success
paypal_service/checkout_orders,success_processed
paypal_service/checkout_orders,update
people,activate
people,cancel
people,check_captcha
people,check_email_availability
people,check_email_availability_and_validity
people,check_invitation_code
people,check_username_availability
people,create
people,create_facebook_based
people,deactivate
people,destroy
people,edit
people,index
people,new
people,not_member
people,show
people,update
person_messages,create
person_messages,destroy
person_messages,edit
person_messages,index
person_messages,new
person_messages,show
person_messages,update
plans,create
plans,get_trials
post_pay_transactions,create
post_pay_transactions,new
preauthorize_transactions,book
preauthorize_transactions,booked
preauthorize_transactions,initiate
preauthorize_transactions,initiated
preauthorize_transactions,preauthorize
preauthorize_transactions,preauthorized
sessions,change_mistyped_email
sessions,confirmation_pending
sessions,create
sessions,destroy
sessions,edit
sessions,facebook_setup
sessions,index
sessions,(?-mix:facebook)
sessions,new
sessions,passthru
sessions,request_new_password
sessions,show
sessions,update
settings,account
settings,create
settings,destroy
settings,edit
settings,new
settings,notifications
settings,payments
settings,show
settings,unsubscribe
settings,update
sms,create
sms,destroy
sms,edit
sms,message_arrived
sms,new
sms,show
sms,update
terms,accept
terms,create
terms,destroy
terms,edit
terms,new
terms,show
terms,update
testimonials,create
testimonials,destroy
testimonials,edit
testimonials,index
testimonials,new
testimonials,show
testimonials,skip
testimonials,update
transactions,create
transactions,new
transactions,op_status
transactions,show
